ma_to_hop,diem_trung_binh,do_lech_chuan,so_thi_sinh,ty_le_dat,diem_chuan_tb,cluster,cluster_label
A00,7.19,1.79,109724.14,81.07,24.258518518518517,2,"Nhóm 3: Điểm thấp, ít cạnh tranh"
A01,6.61,1.45,112399.0,79.83,24.055000000000003,2,"Nhóm 3: Điểm thấp, ít cạnh tranh"
B00,7.55,1.94,138108.0,70.54,24.392068965517243,0,"Nhóm 1: Thi sinh nhiều, điểm TB"
B01,6.93,1.87,139195.71,81.04,24.016206896551726,1,"Nhóm 2: Điểm cao, cạnh tranh"
C00,6.81,2.01,143370.86,82.7,23.65740740740741,1,"Nhóm 2: Điểm cao, cạnh tranh"
C01,7.37,1.68,147843.43,73.76,24.1504347826087,0,"Nhóm 1: Thi sinh nhiều, điểm TB"
D01,6.92,2.0,118213.0,77.44,23.886774193548387,2,"Nhóm 3: Điểm thấp, ít cạnh tranh"
D02,7.49,2.07,132106.43,73.8,23.3415,1,"Nhóm 2: Điểm cao, cạnh tranh"
