ma_to_hop,diem_trung_binh,do_lech_chuan,so_thi_sinh,ty_le_dat,diem_chuan_tb,cluster,cluster_label
A00,7.27,1.82,119362.14,76.01,23.70310344827586,2,"Nhóm 3: Điểm thấp, ít cạnh tranh"
A01,7.17,1.86,131053.43,78.17,24.360833333333332,2,"Nhóm 3: Điểm thấp, ít cạnh tranh"
B00,6.51,2.04,103043.57,72.31,22.750416666666666,0,"Nhóm 1: Thi sinh nhiều, điểm TB"
B01,6.9,1.65,112485.57,74.44,22.7885,2,"Nhóm 3: Điểm thấp, ít cạnh tranh"
C00,6.7,1.72,133906.0,76.26,22.96,1,"Nhóm 2: Điểm cao, cạnh tranh"
C01,7.37,1.8,147432.14,80.83,23.89466666666667,1,"Nhóm 2: Điểm cao, cạnh tranh"
D01,7.76,1.73,122990.57,79.73,23.791785714285712,2,"Nhóm 3: Điểm thấp, ít cạnh tranh"
D02,6.84,1.69,134438.43,76.77,24.042727272727276,1,"Nhóm 2: Điểm cao, cạnh tranh"
